{"cameraMode":{"drawMode":0,"name":"Shaded","section":"Shading Mode"},"sceneLighting":true,"audioPlay":false,"sceneViewState":{"showFog":true,"showMaterialUpdate":false,"showSkybox":true,"showFlares":true,"showImageEffects":true,"showParticleSystems":true},"in2DMode":false,"pivot":{"x":0.5079998970031738,"y":2.182882785797119,"z":-2.0812935829162599},"rotation":{"x":-0.23127077519893647,"y":0.672813355922699,"z":-0.23439376056194306,"w":-0.6626432538032532},"size":4.33699893951416,"orthographic":false}